Mkpat Enin	Mkpat Enin, Akwa Ibom	3715377	6	0	4.73478	7.74897
Mkuranga	Mkuranga, Pwani	1600777	5	28037	-7.11799	39.20782
