Mpigi	Mpigi District, Central Region	3498096	4	11082	0.225	32.31361
Mpwapwa	Mpwapwa, Dodoma	1600849	5	19806	-6.35	36.48333
