Ntcheu	Ntcheu District, Central Region	7345522	4	10445	-14.82027	34.63586
Ntchisi	Ntchisi District, Central Region	7345528	4	7918	-13.52775	33.9149
Ntoroko	Ntoroko District, Western Region	3498024	4	0	1.04111	30.48111
Ntui	Centre	3822225	8	6185	4.45	11.63333
Ntungamo	Ntungamo District, Western Region	3501899	4	15300	-0.87944	30.26417
