Qagan Us	Haixi Mengguzu Zangzu Zizhizhou, Qinghai	4542232	6	0	36.39719	98.01222
Qahderijan	Isfahan	12387178	7	29392	32.5773	51.45367
Qala	Il-Qala	7508586	8	1929	36.03611	14.30944
Qasigiannguit	Qeqertalik	36828	8	1341	68.81926	-51.19221
