Ylivieska	Ylivieska, North Ostrobothnia	2525930	8	13159	64.08333	24.55
Yloejaervi	Tampere, Pirkanmaa	156823	8	22140	61.55632	23.59606
